{"cameraMode":{"drawMode":0,"name":"Shaded","section":"Shading Mode"},"sceneLighting":true,"audioPlay":false,"sceneViewState":{"showFog":true,"showMaterialUpdate":false,"showSkybox":true,"showFlares":true,"showImageEffects":true,"showParticleSystems":true},"in2DMode":false,"pivot":{"x":526.0401611328125,"y":-250.284912109375,"z":1281.8558349609375},"rotation":{"x":0.1994338482618332,"y":0.04554785415530205,"z":-0.009280424565076828,"w":0.9788097143173218},"size":1335.3099365234375,"orthographic":false}